Hedge Fund,Website,Email,Phone
Bridgewater Associates,Website not found,Email not found,Phone not found
Man Group,Website not found,Email not found,Phone not found
Renaissance Technologies,Website not found,Email not found,Phone not found
"Millennium Management, LLC",Website not found,Email not found,Phone not found
Citadel LLC,Website not found,Email not found,Phone not found
D. E. Shaw & Co.,Website not found,Email not found,Phone not found
Two Sigma,Website not found,Email not found,Phone not found
Davidson Kempner Capital Management,Website not found,Email not found,Phone not found
Farallon Capital,Website not found,Email not found,Phone not found
The Children's Investment Fund Management,Website not found,Email not found,Phone not found
Marshall Wace,Website not found,Email not found,Phone not found
Ruffer,Website not found,Email not found,Phone not found
AQR Capital,Website not found,Email not found,Phone not found
Anchorage Capital Group,Website not found,Email not found,Phone not found
Baupost Group,Website not found,Email not found,Phone not found
Point72 Asset Management,Website not found,Email not found,Phone not found
Capula Investment Management,Website not found,Email not found,Phone not found
Wellington Management Company,Website not found,Email not found,Phone not found
Brevan Howard,Website not found,Email not found,Phone not found
PIMCO,Website not found,Email not found,Phone not found
